{
  "minosprime.crush": {
    "category": "hostile",
    "sounds": [
      "minosprime/minosprimecrush"
      ],
      "subtitle": "CRUSH"
    },
  "minosprime.die": {
    "category": "hostile",
    "sounds": [
      "minosprime/die/minosprimedie1",
      "minosprime/die/minosprimedie2"
      ],
      "subtitle": "DIE"
    },
  "minosprime.intro": {
    "category": "master",
    "sounds": [
      "minosprime/songs/minosprimeintro"
      ],
      "subtitle": "Minos' Speech"
    },
  "minosprime.judgement": {
    "category": "hostile",
    "sounds": [
      "minosprime/judgement/minosprimejudgement1",
      "minosprime/judgement/minosprimejudgement2"
      ],
      "subtitle": "JUDGEMENT"
    },
  "minosprime.outro": {
    "category": "master",
    "sounds": [
      "minosprime/songs/minosprimeoutro"
      ],
      "subtitle": "Minos Death Speech"
    },
  "minosprime.thyend": {
    "category": "hostile",
    "sounds": [
      "minosprime/thyend/minosprimethyend1",
      "minosprime/thyend/minosprimethyend2"
      ],
      "subtitle": "THY END IS NOW"
    },
  "minosprime.thyself": {
    "category": "hostile",
    "sounds": [
      "minosprime/thyself/minosprimethyself1",
      "minosprime/thyself/minosprimethyself2"
      ],
      "subtitle": "PREPARE THYSELF"
    },
  "minosprime.weak": {
    "category": "hostile",
    "sounds": [
      "minosprime/minosprimeweak"
      ],
      "subtitle": "Minos at half health"
    },
  "minosprime.introandsong": {
    "category": "master",
    "sounds": [
      "minosprime/songs/introandsong"
      ],
      "subtitle": "Minos' Speech"
    },
    "minosprime.normalsong": {
      "sounds": [
        "minosprime/songs/song"
      ],
      "subtitle": "Theme Song"
    },
    "minosprime.longsong": {
      "category": "master",
      "sounds": [
        "minosprime/songs/longsong"
      ],
      "subtitle": "Theme Song"
    }
}